﻿Designator,Quantity,Value,Footprint,Package,MPN,DNP,Mount_Type,Field4,Field5,Field6,Field7,Field8,Part Description,P/N,VAux,LCSC,LCSC Part,Description,Height,Manufacturer_Name,Mouser Part Number,Mouser Price/Stock
"C101, C102, C501, C502, C503, C706, C712",7,100n,C_0402_1005Metric,,,,smt,Farnell,2611911,RM EMK105 B7104KV-F,TAIYO YUDEN EUROPE GMBH,110091611,	0.1uF 10% 16V Ceramic Capacitor X7R 0402 (1005 Metric),,,,,,,,,
C401,1,100n,C_0402_1005Metric,0402,,,smt,,,,,,0.1uF 10% 16V Ceramic Capacitor X7R 0402 (1005 Metric),CC0402KRX7R7BB104,16V,,,,,,,
C601,1,4u7,C_0805_2012Metric,0805,,,smt,,,,,,4.7uF 10% 10V Ceramic Capacitor X7R 0805 (2012 Metric),C0805C475M3PAC,25V,,,,,,,
"C701, C703, C704, C705, C708, C709, C710, C711",8,10u,C_0805_2012Metric,,,,smt,Digikey,490-14381-1-ND,GRM21BR71A106KA73L,Murata,111893011,	10uF 10% 10V Ceramic Capacitor X7R 0805 (2012 Metric),,,C15850,,,,,,
C702,1,100uF,CP_EIA-3528-21_Kemet-B,,,,smt,,TAJB107K006RNJ,,,, 100uF 6.3V 1.7Ω@100kHz ±10% CASE-B-3528-21(mm) Tantalum Capacitors ROHS,,,,,,,,,
C707,1,4.7nF,C_0402_1005Metric,,,,smt,,,,,,4.7nF capacitor 0402,,,,,,,,,
CN1,1,SM02B-SRSS-TB (LF)(SN),CONN-SMD_2P-P1.00_SM02B-SRSS-TB-LF-SN,,,,smt,,,,,,,,,,C160402,,,,,
"D101, D502, D701",3,RCLAMP0502BA,SOT-416,,,,smt,,,,,,,,,,,,,,,
"D401, D402, D403",3,PUSB3F96X,DFN2510A-10_L2.5-W1.0-P0.50-BL,,,,smt,,,,,,,,,,C478121,,,,,
"D605, D606, D702",3,GREEN,LED-SMD_L1.7-W0.6-RD,0603,,,smt,,,,,,,,,,,,,,,
J1,1,GLPLX-SMT-188S7,GLPLXSMT188S7QQYG,,GLPLX-SMT-188S7-QQ-Y/G,,tht,,,,,,,,,,,Modular Connectors / Ethernet Connectors Low Prof. RJ45 ModJk w Gb. Magnetics LED,11.6,Kycon,806-GLPLXSMT188S7-YG,https://www.mouser.co.uk/ProductDetail/Kycon/GLPLX-SMT-188S7-QQ-Y-G?qs=82jvyl5dHWc8OxJA1mC80A%3D%3D
"J101, USB701",2,TYPEC-305-ACP16H458,USB-C-SMD_TYPEC-305-ACP16H458,,,,smt,,USBF31-0171,USBF31-0171,,,USBC USB2 data and power connector,,,,C5454943,Connector_USB:USB_C_Receptacle_GCT_USB4105-xx-A_16P_TopMnt_Horizontal,,,,
J501,1,GT-HD001B-CNNG1,EDAC 690-019-298-412,,,,tht,,,,,,"HDMI Connector, Right Angle, 19 Contacts, Receptacle, Surface Mount, Surface Mount Right Angle",,,,,,,,,
J502,1,I2C,JST_SH_BM04B-SRSS-TB_1x04-1MP_P1.00mm_Vertical,,,,smt,,,,,,,,,,,"Generic connectable mounting pin connector, single row, 01x04, script generated (kicad-library-utils/schlib/autogen/connector/)",,,,
J503,1,SPI,JST_SUR_BM10B-SURS-TF_1x10-1MP_P0.80mm_Vertical,,,,smt,,,,,,,,,,,"Generic connectable mounting pin connector, single row, 01x10, script generated (kicad-library-utils/schlib/autogen/connector/)",,,,
J601,1,JST_SHBM04B-SRSS-TB,JST_SH_BM04B-SRSS-TB_1x04-1MP_P1.00mm_Vertical,,,,smt,,SHBM04B-SRSS-TB,SHBM04B-SRSS-TB,JST,,4 pin vertical 1mm pitch connector,,,,,,,,,
J701,1,Bus_M.2_Socket_M,M.2 M Key socket_2230_2242,,,,tht,,MTSSD03-67MSW337,MTSSD03-67MSW337,MTCONN,,M.2 M Key connector,,,,,M.2 Socket 3 Mechanical Key M,,,,
J802,1,Conn_01x22_Female,Hirose_FH12-22S-0.5SH_1x22-1MP_P0.50mm_Horizontal,,,,smt,Mouser,798-FH12-22S-0.5SH55,FH12-22S-0.5SH55,Hirose,,"22 Position FFC, FPC Connector Contacts, Bottom 0.020"" (0.50mm) Surface Mount, Right Angle",,,,,,,,,
L701,1,2.2uH,L_Coilcraft_XAL5030-XXX,,,,smt,,,XAL5030-222MEC,Coilcraft,,"Inductor, SMT, 2u2, IRMS=7A, ISAT=8.1A, DCR=0.03R",,,C920280,,,,,,
M702,1,M.2 Solder Nut,MountingHole_3mm_Pad,,,,tht,,,,,,Solder nut for M.2 slot,,,,,,,,,
Module301,1,ComputeModule5-CM5,Raspberry-Pi-5-Compute-Module_GPIO,,,,smt,Amphenol,2x 10164227-1001A1RLF,2x 10164227-1001A1RLF,Hirose,,"	100 Position Connector Receptacle, Center Strip Contacts Surface Mount Gold",,,,,RaspberryPi Compute module 5,,,,
Module302,1,ComputeModule5-CM5,Raspberry-Pi-5-Compute-Module_HSS,,,,smt,Amphenol,2x 10164227-1001A1RLF,2x 10164227-1001A1RLF,Hirose,,"	100 Position Connector Receptacle, Center Strip Contacts Surface Mount Gold",,,,,RaspberryPi Compute module 5,,,,
"R101, R501, R502, R706, R707",5,2k2,R_0402_1005Metric,,,,smt,Farnell,9239235,RK73H1ETTP1001F,KOA EUROPE GMBH,125049511,Resistor 1K M1005 1% 63mW,,,,,,,,,
R102,1,0R,R_0402_1005Metric,,,,smt,Farnell,9233750,MCR10EZPJ000,Rohm,121629591,Resistor 0R M2012 5% ,,,,,,,,,
"R104, R107, R108",3,10k,R_0402_1005Metric,0402,,,smt,,,,,,,,,C25744,,,,,,
"R401, R402",2,470R,R_0402_1005Metric,0402,,,smt,,,,,,,,,C25117,,,,,,
R403,1,0R,R_0402_1005Metric,0402,,,smt,,,,,,,,,,,,,,,
"R605, R606",2,2k2,R_0402_1005Metric,0402,,,smt,,,,,,,,,,,,,,,
R701,1,15k,R_0402_1005Metric,,,,smt,Farnell,9239375,MCR01MZPF1502,Rohm,120891581,Resistor 15K M1005 1% 63mW,,,C25756,,,,,,
"R702, R703",2,22k,R_0402_1005Metric,0402,,,smt,,,,,,,,,C25768,,,,,,
R704,1,100k,R_0402_1005Metric,,,,smt,,,,,,,,,C25741,,,,,,
R705,1,10k,R_0402_1005Metric,,,,smt,,,,,,,,,C25744,,,,,,
SW101,1,MK-11C04-G013,SW-SMD_MK-11C04-G013,,,,smt,,,,,,,,,,C778185,,,,,
SW501,1,TS-1010A-B,SW-SMD_TS-1010A-B,,,,smt,,,,,,,,,,C381059,,,,,
U1,1,LIS3DH,LGA-16_3x3mm_P0.5mm_LayoutBorder3x5y,,,,smt,,,,,,,,,,,"3-Axis Accelerometer, 2/4/8/16g range, I2C/SPI interface, LGA-16",,,,
"U401, U402",2,TPD4EUSB30,USON-10_2.5x1.0mm_P0.5mm,,,,smt,,,,,,"Quad TVS diode for high speed signals (USB3, GigE etc.)",TPD4EUSB30,,,,,,,,
U405,1,STMPS2151STR,SOT-23-5,,,,smt,,,,,,,,,,C135998,,,,,
U602,1,SN74LVC1G14DBVR,SOT-353_SC-70-5,,,,smt,,,,,,"Buffer, Non-Inverting 1 Element 1 Bit per Element Open Drain Output SOT-353",SN74LVC1G14DBVR,,,,,,,,
U701,1,AP22653W6,SOT-23-6,,,,smt,Digikey,	31-AP22653W6-7CT-ND,AP22653W6,Diodes,,	Power Switch/Driver 1:1 P-Channel 2.1A SOT-23-6,,,,,,,,,
U702,1,AP3441SHE-7B,DFN-8-1EP_2x2mm_P0.5mm_EP1.05x1.75mm,,,,smt,,AP3441SHE-7B,AP3441SHE-7B,Diodes,,3A DC-DC converter,,,,,,,,,
U703,1,ASEK-32.768KHZ-L-R-T,Crystal_SMD_3225-4Pin_3.2x2.5mm,,,,smt,,ASEK-32.768KHZ-L-R-T,ASEK-32.768KHZ-L-R-T,abracon,,32KHz Xtal oscilator,,,,,,,,,
