﻿pos_x,pos_y,rotation,side,designator,mpn,pack,footprint,value,mount_type
5.875,27.0,180.0,top,C101,,,C_0402_1005Metric,100n,smt
10.125,27.15,0.0,top,C102,,,C_0402_1005Metric,100n,smt
23.0,40.775,0.0,top,C401,,0402,C_0402_1005Metric,100n,smt
12.05,11.4,-90.0,top,C501,,,C_0402_1005Metric,100n,smt
16.95,13.45,90.0,top,C502,,,C_0402_1005Metric,100n,smt
6.46,6.88,90.0,bottom,C503,,,C_0402_1005Metric,100n,smt
10.2,7.95,90.0,top,C601,,0805,C_0805_2012Metric,4u7,smt
11.4,14.1,90.0,top,C701,,,C_0805_2012Metric,10u,smt
4.4,12.5475,-90.0,top,C702,,,CP_EIA-3528-21_Kemet-B,100uF,smt
7.93,11.13,0.0,top,C703,,,C_0805_2012Metric,10u,smt
49.09,14.785,0.0,top,C704,,,C_0805_2012Metric,10u,smt
49.09,12.81,0.0,top,C705,,,C_0805_2012Metric,10u,smt
47.89,10.885,180.0,top,C706,,,C_0402_1005Metric,100n,smt
49.74,11.355,180.0,top,C707,,,C_0402_1005Metric,4.7nF,smt
44.31,13.55,0.0,top,C708,,,C_0805_2012Metric,10u,smt
40.9,13.55,180.0,top,C709,,,C_0805_2012Metric,10u,smt
48.8,47.125,0.0,top,C710,,,C_0805_2012Metric,10u,smt
27.7,46.35,0.0,top,C711,,,C_0805_2012Metric,10u,smt
46.45,45.47,90.0,top,C712,,,C_0402_1005Metric,100n,smt
5.1,11.86,0.0,bottom,CN1,,,CONN-SMD_2P-P1.00_SM02B-SRSS-TB-LF-SN,SM02B-SRSS-TB (LF)(SN),smt
8.0,26.99,-90.0,top,D101,,,SOT-416,RCLAMP0502BA,smt
21.2,14.01,180.0,top,D401,,,DFN2510A-10_L2.5-W1.0-P0.50-BL,PUSB3F96X,smt
24.2,14.01,180.0,top,D402,,,DFN2510A-10_L2.5-W1.0-P0.50-BL,PUSB3F96X,smt
17.82,6.11,0.0,bottom,D403,,,DFN2510A-10_L2.5-W1.0-P0.50-BL,PUSB3F96X,smt
10.45,4.1,0.0,top,D502,,,SOT-416,RCLAMP0502BA,smt
53.79,21.73,-90.0,top,D605,,0603,LED-SMD_L1.7-W0.6-RD,GREEN,smt
53.79,24.67,-90.0,top,D606,,0603,LED-SMD_L1.7-W0.6-RD,GREEN,smt
8.0,23.1,90.0,top,D701,,,SOT-416,RCLAMP0502BA,smt
20.61,56.45,0.0,top,D702,,0603,LED-SMD_L1.7-W0.6-RD,GREEN,smt
10.75,45.2,-90.0,top,J1,GLPLX-SMT-188S7-QQ-Y/G,,GLPLXSMT188S7QQYG,GLPLX-SMT-188S7,tht
8.0,30.65,180.0,top,J101,,,USB-C-SMD_TYPEC-305-ACP16H458,TYPEC-305-ACP16H458,smt
20.94,9.28,0.0,top,J501,,,EDAC 690-019-298-412,GT-HD001B-CNNG1,tht
6.6,5.3,90.0,top,J502,,,JST_SH_BM04B-SRSS-TB_1x04-1MP_P1.00mm_Vertical,I2C,smt
14.28,26.16,90.0,top,J503,,,JST_SUR_BM10B-SURS-TF_1x10-1MP_P0.80mm_Vertical,SPI,smt
21.5,31.5,-90.0,top,J601,,,JST_SH_BM04B-SRSS-TB_1x04-1MP_P1.00mm_Vertical,JST_SHBM04B-SRSS-TB,smt
35.45,50.625,0.0,top,J701,,,M.2 M Key socket_2230_2242,Bus_M.2_Socket_M,tht
49.85,34.725,90.0,top,J802,,,Hirose_FH12-22S-0.5SH_1x22-1MP_P0.50mm_Horizontal,Conn_01x22_Female,smt
43.85,9.54,90.0,top,L701,,,L_Coilcraft_XAL5030-XXX,2.2uH,smt
35.45,10.5,0.0,top,M702,,,MountingHole_3mm_Pad,M.2 Solder Nut,tht
49.1,3.75,180.0,bottom,Module301,,,Raspberry-Pi-5-Compute-Module_GPIO,ComputeModule5-CM5,smt
49.1,3.75,180.0,bottom,Module302,,,Raspberry-Pi-5-Compute-Module_HSS,ComputeModule5-CM5,smt
11.1,11.4,-90.0,top,R101,,,R_0402_1005Metric,2k2,smt
45.78,18.88,90.0,bottom,R102,,,R_0402_1005Metric,0R,smt
53.54,32.81,90.0,bottom,R104,,0402,R_0402_1005Metric,10k,smt
3.42,7.61,0.0,bottom,R107,,0402,R_0402_1005Metric,10k,smt
4.72,3.16,180.0,bottom,R108,,0402,R_0402_1005Metric,10k,smt
23.0,39.05,180.0,top,R401,,0402,R_0402_1005Metric,470R,smt
23.0,50.825,180.0,top,R402,,0402,R_0402_1005Metric,470R,smt
9.275,54.3,0.0,bottom,R403,,0402,R_0402_1005Metric,0R,smt
10.15,2.45,180.0,top,R501,,,R_0402_1005Metric,2k2,smt
10.15,5.75,180.0,top,R502,,,R_0402_1005Metric,2k2,smt
50.64,23.26,180.0,top,R605,,0402,R_0402_1005Metric,2k2,smt
52.29,24.65,-90.0,top,R606,,0402,R_0402_1005Metric,2k2,smt
10.1,11.4,-90.0,top,R701,,,R_0402_1005Metric,15k,smt
6.35,23.36,90.0,top,R702,,0402,R_0402_1005Metric,22k,smt
9.63,23.37,90.0,top,R703,,0402,R_0402_1005Metric,22k,smt
40.2,8.9,-90.0,top,R704,,,R_0402_1005Metric,100k,smt
50.15,8.045,90.0,top,R705,,,R_0402_1005Metric,10k,smt
50.15,9.925,90.0,top,R706,,,R_0402_1005Metric,2k2,smt
23.61,55.72,-90.0,top,R707,,,R_0402_1005Metric,2k2,smt
52.03,8.47,-90.0,bottom,SW101,,,SW-SMD_MK-11C04-G013,MK-11C04-G013,smt
52.42,15.08,0.0,top,SW501,,,SW-SMD_TS-1010A-B,TS-1010A-B,smt
4.235,5.38,180.0,bottom,U1,,,LGA-16_3x3mm_P0.5mm_LayoutBorder3x5y,LIS3DH,smt
19.3875,43.15202,0.0,bottom,U401,,,USON-10_2.5x1.0mm_P0.5mm,TPD4EUSB30,smt
19.375,47.22702,0.0,bottom,U402,,,USON-10_2.5x1.0mm_P0.5mm,TPD4EUSB30,smt
14.44,14.11,180.0,top,U405,,,SOT-23-5,STMPS2151STR,smt
51.31,21.37,180.0,top,U602,,,SOT-353_SC-70-5,SN74LVC1G14DBVR,smt
8.37,14.1,180.0,top,U701,,,SOT-23-6,AP22653W6,smt
48.415,8.99,-90.0,top,U702,,,DFN-8-1EP_2x2mm_P0.5mm_EP1.05x1.75mm,AP3441SHE-7B,smt
44.25,45.225,90.0,top,U703,,,Crystal_SMD_3225-4Pin_3.2x2.5mm,ASEK-32.768KHZ-L-R-T,smt
8.0,19.1,180.0,top,USB701,,,USB-C-SMD_TYPEC-305-ACP16H458,TYPEC-305-ACP16H458,smt
