Designator,Val,Package,Mid X,Mid Y,Rotation,Layer
C101,100n,C_0402_1005Metric,5.875,27.0,180.0,top
C102,100n,C_0402_1005Metric,10.125,27.15,0.0,top
C401,100n,C_0402_1005Metric,23.0,40.775,0.0,top
C501,100n,C_0402_1005Metric,12.05,11.4,-90.0,top
C502,100n,C_0402_1005Metric,16.95,13.45,90.0,top
C503,100n,C_0402_1005Metric,6.46,6.88,90.0,bottom
C601,4u7,C_0805_2012Metric,10.2,7.95,90.0,top
C701,10u,C_0805_2012Metric,11.4,14.1,90.0,top
C702,100uF,CP_EIA-3528-21_Kemet-B,4.4,12.5475,-90.0,top
C703,10u,C_0805_2012Metric,7.93,11.13,0.0,top
C704,10u,C_0805_2012Metric,49.09,14.785,0.0,top
C705,10u,C_0805_2012Metric,49.09,12.81,0.0,top
C706,100n,C_0402_1005Metric,47.89,10.885,180.0,top
C707,4.7nF,C_0402_1005Metric,49.74,11.355,180.0,top
C708,10u,C_0805_2012Metric,44.31,13.55,0.0,top
C709,10u,C_0805_2012Metric,40.9,13.55,180.0,top
C710,10u,C_0805_2012Metric,48.8,47.125,0.0,top
C711,10u,C_0805_2012Metric,27.7,46.35,0.0,top
C712,100n,C_0402_1005Metric,46.45,45.47,90.0,top
CN1,SM02B-SRSS-TB (LF)(SN),CONN-SMD_2P-P1.00_SM02B-SRSS-TB-LF-SN,5.1,11.9225,180.0,bottom
D101,RCLAMP0502BA,SOT-416,8.0,26.99,-90.0,top
D401,PUSB3F96X,DFN2510A-10_L2.5-W1.0-P0.50-BL,21.2,14.01,180.0,top
D402,PUSB3F96X,DFN2510A-10_L2.5-W1.0-P0.50-BL,24.2,14.01,180.0,top
D403,PUSB3F96X,DFN2510A-10_L2.5-W1.0-P0.50-BL,17.82,6.11,180.0,bottom
D502,RCLAMP0502BA,SOT-416,10.45,4.1,0.0,top
D605,GREEN,LED-SMD_L1.7-W0.6-RD,53.79,21.73,-90.0,top
D606,GREEN,LED-SMD_L1.7-W0.6-RD,53.79,24.67,-90.0,top
D701,RCLAMP0502BA,SOT-416,8.0,23.1,90.0,top
D702,GREEN,LED-SMD_L1.7-W0.6-RD,20.61,56.45,0.0,top
J1,GLPLX-SMT-188S7,GLPLXSMT188S7QQYG,12.6865,45.2,-90.0,top
J101,TYPEC-305-ACP16H458,USB-C-SMD_TYPEC-305-ACP16H458,8.0,30.65,180.0,top
J501,GT-HD001B-CNNG1,EDAC 690-019-298-412,20.94,6.74,0.0,top
J502,I2C,JST_SH_BM04B-SRSS-TB_1x04-1MP_P1.00mm_Vertical,6.6,5.3,90.0,top
J503,SPI,JST_SUR_BM10B-SURS-TF_1x10-1MP_P0.80mm_Vertical,14.28,26.16,90.0,top
J601,JST_SHBM04B-SRSS-TB,JST_SH_BM04B-SRSS-TB_1x04-1MP_P1.00mm_Vertical,21.5,31.5,-90.0,top
J701,Bus_M.2_Socket_M,M.2 M Key socket_2230_2242,35.45,52.125,0.0,top
J802,Conn_01x22_Female,Hirose_FH12-22S-0.5SH_1x22-1MP_P0.50mm_Horizontal,49.85,34.725,90.0,top
L701,2.2uH,L_Coilcraft_XAL5030-XXX,43.85,9.54,90.0,top
M702,M.2 Solder Nut,MountingHole_3mm_Pad,35.45,10.5,0.0,top
Module301,ComputeModule5-CM5,Raspberry-Pi-5-Compute-Module_GPIO,49.6,27.75,0.0,bottom
Module302,ComputeModule5-CM5,Raspberry-Pi-5-Compute-Module_HSS,32.155,27.75,0.0,bottom
R101,2k2,R_0402_1005Metric,11.1,11.4,-90.0,top
R102,0R,R_0402_1005Metric,45.78,18.88,90.0,bottom
R104,10k,R_0402_1005Metric,53.54,32.81,90.0,bottom
R107,10k,R_0402_1005Metric,3.42,7.61,180.0,bottom
R108,10k,R_0402_1005Metric,4.72,3.16,0.0,bottom
R401,470R,R_0402_1005Metric,23.0,39.05,180.0,top
R402,470R,R_0402_1005Metric,23.0,50.825,180.0,top
R403,0R,R_0402_1005Metric,9.275,54.3,180.0,bottom
R501,2k2,R_0402_1005Metric,10.15,2.45,180.0,top
R502,2k2,R_0402_1005Metric,10.15,5.75,180.0,top
R605,2k2,R_0402_1005Metric,50.64,23.26,180.0,top
R606,2k2,R_0402_1005Metric,52.29,24.65,-90.0,top
R701,15k,R_0402_1005Metric,10.1,11.4,-90.0,top
R702,22k,R_0402_1005Metric,6.35,23.36,90.0,top
R703,22k,R_0402_1005Metric,9.63,23.37,90.0,top
R704,100k,R_0402_1005Metric,40.2,8.9,-90.0,top
R705,10k,R_0402_1005Metric,50.15,8.045,90.0,top
R706,2k2,R_0402_1005Metric,50.15,9.925,90.0,top
R707,2k2,R_0402_1005Metric,23.61,55.72,-90.0,top
SW101,MK-11C04-G013,SW-SMD_MK-11C04-G013,52.045,8.47,270.0,bottom
SW501,TS-1010A-B,SW-SMD_TS-1010A-B,52.47,15.08,0.0,top
U1,LIS3DH,LGA-16_3x3mm_P0.5mm_LayoutBorder3x5y,4.235,5.38,0.0,bottom
U401,TPD4EUSB30,USON-10_2.5x1.0mm_P0.5mm,23.4,43.15202,180.0,bottom
U402,TPD4EUSB30,USON-10_2.5x1.0mm_P0.5mm,23.3875,47.22702,180.0,bottom
U405,STMPS2151STR,SOT-23-5,14.44,14.11,180.0,top
U602,SN74LVC1G14DBVR,SOT-353_SC-70-5,51.31,21.37,180.0,top
U701,AP22653W6,SOT-23-6,8.37,14.1,180.0,top
U702,AP3441SHE-7B,DFN-8-1EP_2x2mm_P0.5mm_EP1.05x1.75mm,48.415,8.99,-90.0,top
U703,ASEK-32.768KHZ-L-R-T,Crystal_SMD_3225-4Pin_3.2x2.5mm,44.25,45.225,90.0,top
USB701,TYPEC-305-ACP16H458,USB-C-SMD_TYPEC-305-ACP16H458,8.0,19.1,180.0,top
